,Predicted,True
0,-0.5346870462262105,0.17636102932771966
1,-0.2163064646351931,1.0127847943473125
2,-0.18643899929246743,-0.6839153675604192
3,0.28865364136307947,1.2712548433770854
4,-0.3764913173693405,-2.284030367205462
5,0.27979784850976513,0.9075505302392257
6,0.07926513076834762,1.0842625319735908
7,-0.4705632375536509,0.7801255952797765
8,-0.295045177062541,0.8599276216928222
9,0.3767460166105479,-0.2635547186009103
10,0.7105759886763681,0.08325946333600902
11,-0.18003925135039578,-0.7764710360268168
12,-0.8818926665653933,0.36211697345178795
13,0.6031174077992512,0.18778189733416467
14,-0.13588043380063972,-1.4959929118319781
15,0.8211751347298347,1.0871558644141595
16,-0.1070370362127544,0.007017043503180393
17,0.776714482454594,0.8503379796407889
18,-1.1556566802688026,-1.7417117488268785
19,0.3292632328648936,-1.8623059492174718
20,-0.8076154552762855,-0.7298859608112391
21,-1.072705982879275,1.2387235569758848
22,-1.1796119636642288e-16,1.9611596566745555
23,-1.057437310936106,-1.3885828175592176
24,-0.053036661634733306,-0.4806386839067567
25,0.4016902686412943,-0.03423457253754416
26,0.31936918428220745,0.3153721868060759
27,-0.197061763019113,0.39356761490531744
28,-0.26169177195689197,0.2630514756630301
29,-0.663202136751983,-0.7308720767386472
30,-0.5787949818393205,-1.5999324629920217
31,0.3080939651339117,-0.3270176438520419
32,-0.175264451148678,1.3496848752955077
